objectid,unique_code,name,pollutant_metric,maximum_value,unit,compliance_status,compliance_metric,shape_Length,shape_Area
1,E06000001,Hartlepool,PM2.5 annual mean stage2 Limit Value 2024,8,μg m⁻³,Compliant,Limit Value: 20 μg m⁻³,70954.8401191431,93714635.3457635
2,E06000002,Middlesbrough,PM2.5 annual mean stage2 Limit Value 2024,9,μg m⁻³,Compliant,Limit Value: 20 μg m⁻³,44481.4413849519,53881562.628025
3,E06000003,Redcar and Cleveland,PM2.5 annual mean stage2 Limit Value 2024,7,μg m⁻³,Compliant,Limit Value: 20 μg m⁻³,96686.0527765702,245078276.001225
4,E06000004,Stockton-on-Tees,PM2.5 annual mean stage2 Limit Value 2024,9,μg m⁻³,Compliant,Limit Value: 20 μg m⁻³,123599.429825111,204943227.458859
5,E06000005,Darlington,PM2.5 annual mean stage2 Limit Value 2024,7,μg m⁻³,Compliant,Limit Value: 20 μg m⁻³,107285.227955609,197489465.440172
6,E06000006,Halton,PM2.5 annual mean stage2 Limit Value 2024,9,μg m⁻³,Compliant,Limit Value: 20 μg m⁻³,77871.7245508462,79081984.8918343
7,E06000007,Warrington,PM2.5 annual mean stage2 Limit Value 2024,9,μg m⁻³,Compliant,Limit Value: 20 μg m⁻³,114759.196472412,180628503.345094
8,E06000008,Blackburn with Darwen,PM2.5 annual mean stage2 Limit Value 2024,8,μg m⁻³,Compliant,Limit Value: 20 μg m⁻³,65628.0173778879,137017280.80933
9,E06000009,Blackpool,PM2.5 annual mean stage2 Limit Value 2024,8,μg m⁻³,Compliant,Limit Value: 20 μg m⁻³,34483.4810544427,34870885.8069056
10,E06000010,Kingston upon Hull City of,PM2.5 annual mean stage2 Limit Value 2024,10,μg m⁻³,Compliant,Limit Value: 20 μg m⁻³,64694.7965445977,71578851.6690367
11,E06000011,East Riding of Yorkshire,PM2.5 annual mean stage2 Limit Value 2024,9,μg m⁻³,Compliant,Limit Value: 20 μg m⁻³,504187.75527856,2404739660.9373
12,E06000012,North East Lincolnshire,PM2.5 annual mean stage2 Limit Value 2024,9,μg m⁻³,Compliant,Limit Value: 20 μg m⁻³,93249.2875169492,192623178.282591
13,E06000013,North Lincolnshire,PM2.5 annual mean stage2 Limit Value 2024,9,μg m⁻³,Compliant,Limit Value: 20 μg m⁻³,244547.837491271,846540130.355287
14,E06000014,York,PM2.5 annual mean stage2 Limit Value 2024,8,μg m⁻³,Compliant,Limit Value: 20 μg m⁻³,102226.900092694,271940652.448775
15,E06000015,Derby,PM2.5 annual mean stage2 Limit Value 2024,10,μg m⁻³,Compliant,Limit Value: 20 μg m⁻³,50149.3964213446,78020257.9823548
16,E06000016,Leicester,PM2.5 annual mean stage2 Limit Value 2024,10,μg m⁻³,Compliant,Limit Value: 20 μg m⁻³,51936.6715371269,73339904.8499065
17,E06000017,Rutland,PM2.5 annual mean stage2 Limit Value 2024,8,μg m⁻³,Compliant,Limit Value: 20 μg m⁻³,126105.259043852,393734891.87213
18,E06000018,Nottingham,PM2.5 annual mean stage2 Limit Value 2024,10,μg m⁻³,Compliant,Limit Value: 20 μg m⁻³,58771.8564595354,74625474.1652232
19,E06000019,Herefordshire County of,PM2.5 annual mean stage2 Limit Value 2024,7,μg m⁻³,Compliant,Limit Value: 20 μg m⁻³,351270.757428311,2179688714.52507
20,E06000020,Telford and Wrekin,PM2.5 annual mean stage2 Limit Value 2024,8,μg m⁻³,Compliant,Limit Value: 20 μg m⁻³,120041.983010792,290273094.804535
21,E06000021,Stoke-on-Trent,PM2.5 annual mean stage2 Limit Value 2024,11,μg m⁻³,Compliant,Limit Value: 20 μg m⁻³,64515.8973182481,93435922.4267446
22,E06000022,Bath and North East Somerset,PM2.5 annual mean stage2 Limit Value 2024,8,μg m⁻³,Compliant,Limit Value: 20 μg m⁻³,142063.547436184,351154813.564975
23,E06000023,Bristol City of,PM2.5 annual mean stage2 Limit Value 2024,9,μg m⁻³,Compliant,Limit Value: 20 μg m⁻³,109079.628669503,109661715.200295
24,E06000024,North Somerset,PM2.5 annual mean stage2 Limit Value 2024,7,μg m⁻³,Compliant,Limit Value: 20 μg m⁻³,154915.455786999,374675174.133083
25,E06000025,South Gloucestershire,PM2.5 annual mean stage2 Limit Value 2024,9,μg m⁻³,Compliant,Limit Value: 20 μg m⁻³,142837.350317066,497017379.455139
26,E06000026,Plymouth,PM2.5 annual mean stage2 Limit Value 2024,8,μg m⁻³,Compliant,Limit Value: 20 μg m⁻³,92664.772622939,79845439.7838983
27,E06000027,Torbay,PM2.5 annual mean stage2 Limit Value 2024,7,μg m⁻³,Compliant,Limit Value: 20 μg m⁻³,77967.0402129632,62885032.7912793
28,E06000030,Swindon,PM2.5 annual mean stage2 Limit Value 2024,8,μg m⁻³,Compliant,Limit Value: 20 μg m⁻³,103990.948481416,230063195.681022
29,E06000031,Peterborough,PM2.5 annual mean stage2 Limit Value 2024,10,μg m⁻³,Compliant,Limit Value: 20 μg m⁻³,112773.048805158,343401676.469958
30,E06000032,Luton,PM2.5 annual mean stage2 Limit Value 2024,9,μg m⁻³,Compliant,Limit Value: 20 μg m⁻³,34576.1973863718,43352576.5243201
31,E06000033,Southend-on-Sea,PM2.5 annual mean stage2 Limit Value 2024,10,μg m⁻³,Compliant,Limit Value: 20 μg m⁻³,57774.8510910713,41673747.032993
32,E06000034,Thurrock,PM2.5 annual mean stage2 Limit Value 2024,11,μg m⁻³,Compliant,Limit Value: 20 μg m⁻³,116698.965519032,163835668.659542
33,E06000035,Medway,PM2.5 annual mean stage2 Limit Value 2024,10,μg m⁻³,Compliant,Limit Value: 20 μg m⁻³,249569.937451399,193721029.220445
34,E06000036,Bracknell Forest,PM2.5 annual mean stage2 Limit Value 2024,9,μg m⁻³,Compliant,Limit Value: 20 μg m⁻³,62535.2828349216,109374581.668206
35,E06000037,West Berkshire,PM2.5 annual mean stage2 Limit Value 2024,9,μg m⁻³,Compliant,Limit Value: 20 μg m⁻³,167258.751903119,704177179.817233
36,E06000038,Reading,PM2.5 annual mean stage2 Limit Value 2024,9,μg m⁻³,Compliant,Limit Value: 20 μg m⁻³,39358.7351640279,40393631.9141607
37,E06000039,Slough,PM2.5 annual mean stage2 Limit Value 2024,9,μg m⁻³,Compliant,Limit Value: 20 μg m⁻³,44186.0956285285,32542195.8419429
38,E06000040,Windsor and Maidenhead,PM2.5 annual mean stage2 Limit Value 2024,9,μg m⁻³,Compliant,Limit Value: 20 μg m⁻³,114848.202348943,198413002.251008
39,E06000041,Wokingham,PM2.5 annual mean stage2 Limit Value 2024,9,μg m⁻³,Compliant,Limit Value: 20 μg m⁻³,86977.2574030703,178973880.564851
40,E06000042,Milton Keynes,PM2.5 annual mean stage2 Limit Value 2024,9,μg m⁻³,Compliant,Limit Value: 20 μg m⁻³,103029.626038448,308645141.932374
41,E06000043,Brighton and Hove,PM2.5 annual mean stage2 Limit Value 2024,8,μg m⁻³,Compliant,Limit Value: 20 μg m⁻³,59541.4064918379,82821704.6405108
42,E06000044,Portsmouth,PM2.5 annual mean stage2 Limit Value 2024,9,μg m⁻³,Compliant,Limit Value: 20 μg m⁻³,69718.207883303,40386658.8311757
43,E06000045,Southampton,PM2.5 annual mean stage2 Limit Value 2024,9,μg m⁻³,Compliant,Limit Value: 20 μg m⁻³,61543.9973263333,49880646.8872049
44,E06000046,Isle of Wight,PM2.5 annual mean stage2 Limit Value 2024,7,μg m⁻³,Compliant,Limit Value: 20 μg m⁻³,210141.203015484,379619766.183695
45,E06000047,County Durham,PM2.5 annual mean stage2 Limit Value 2024,8,μg m⁻³,Compliant,Limit Value: 20 μg m⁻³,315536.454103136,2231426917.77327
46,E06000049,Cheshire East,PM2.5 annual mean stage2 Limit Value 2024,8,μg m⁻³,Compliant,Limit Value: 20 μg m⁻³,302567.848092853,1166309969.15232
47,E06000050,Cheshire West and Chester,PM2.5 annual mean stage2 Limit Value 2024,8,μg m⁻³,Compliant,Limit Value: 20 μg m⁻³,335687.62022088,920013949.901804
48,E06000051,Shropshire,PM2.5 annual mean stage2 Limit Value 2024,7,μg m⁻³,Compliant,Limit Value: 20 μg m⁻³,582469.547071062,3197343357.68152
49,E06000052,Cornwall,PM2.5 annual mean stage2 Limit Value 2024,8,μg m⁻³,Compliant,Limit Value: 20 μg m⁻³,1242358.615093,3548950271.03608
50,E06000053,Isles of Scilly,PM2.5 annual mean stage2 Limit Value 2024,4,μg m⁻³,Compliant,Limit Value: 20 μg m⁻³,117979.339046542,16317753.9529278
51,E06000054,Wiltshire,PM2.5 annual mean stage2 Limit Value 2024,8,μg m⁻³,Compliant,Limit Value: 20 μg m⁻³,405358.023664945,3255390452.52177
52,E06000055,Bedford,PM2.5 annual mean stage2 Limit Value 2024,9,μg m⁻³,Compliant,Limit Value: 20 μg m⁻³,131752.93598412,476416760.16389
53,E06000056,Central Bedfordshire,PM2.5 annual mean stage2 Limit Value 2024,8,μg m⁻³,Compliant,Limit Value: 20 μg m⁻³,233156.470805771,715666154.513217
54,E06000057,Northumberland,PM2.5 annual mean stage2 Limit Value 2024,7,μg m⁻³,Compliant,Limit Value: 20 μg m⁻³,606294.853825043,5032312648.92691
55,E06000058,Bournemouth Christchurch and Poole,PM2.5 annual mean stage2 Limit Value 2024,8,μg m⁻³,Compliant,Limit Value: 20 μg m⁻³,169219.755490847,162081236.861775
56,E06000059,Dorset,PM2.5 annual mean stage2 Limit Value 2024,7,μg m⁻³,Compliant,Limit Value: 20 μg m⁻³,594587.947807,2490923174.35853
57,E06000060,Buckinghamshire,PM2.5 annual mean stage2 Limit Value 2024,9,μg m⁻³,Compliant,Limit Value: 20 μg m⁻³,362237.027128097,1564941226.36458
58,E06000061,North Northamptonshire,PM2.5 annual mean stage2 Limit Value 2024,9,μg m⁻³,Compliant,Limit Value: 20 μg m⁻³,210766.797080434,986607189.567914
59,E06000062,West Northamptonshire,PM2.5 annual mean stage2 Limit Value 2024,10,μg m⁻³,Compliant,Limit Value: 20 μg m⁻³,264711.035659155,1380365825.12497
60,E06000063,Cumberland,PM2.5 annual mean stage2 Limit Value 2024,6,μg m⁻³,Compliant,Limit Value: 20 μg m⁻³,697289.68916263,3034249594.24586
61,E06000064,Westmorland and Furness,PM2.5 annual mean stage2 Limit Value 2024,7,μg m⁻³,Compliant,Limit Value: 20 μg m⁻³,613725.048047132,3789277397.15599
62,E06000065,North Yorkshire,PM2.5 annual mean stage2 Limit Value 2024,8,μg m⁻³,Compliant,Limit Value: 20 μg m⁻³,873321.002939585,8040053293.58873
63,E06000066,Somerset,PM2.5 annual mean stage2 Limit Value 2024,7,μg m⁻³,Compliant,Limit Value: 20 μg m⁻³,544520.675450926,3451695060.79742
64,E07000008,Cambridge,PM2.5 annual mean stage2 Limit Value 2024,8,μg m⁻³,Compliant,Limit Value: 20 μg m⁻³,37178.0144307937,40695126.4535013
65,E07000009,East Cambridgeshire,PM2.5 annual mean stage2 Limit Value 2024,8,μg m⁻³,Compliant,Limit Value: 20 μg m⁻³,234581.793898657,651225320.565076
66,E07000010,Fenland,PM2.5 annual mean stage2 Limit Value 2024,8,μg m⁻³,Compliant,Limit Value: 20 μg m⁻³,187532.783393795,546446174.272825
67,E07000011,Huntingdonshire,PM2.5 annual mean stage2 Limit Value 2024,8,μg m⁻³,Compliant,Limit Value: 20 μg m⁻³,223414.982475478,912459949.328828
68,E07000012,South Cambridgeshire,PM2.5 annual mean stage2 Limit Value 2024,8,μg m⁻³,Compliant,Limit Value: 20 μg m⁻³,257526.181268695,901643897.410815
69,E07000032,Amber Valley,PM2.5 annual mean stage2 Limit Value 2024,8,μg m⁻³,Compliant,Limit Value: 20 μg m⁻³,109360.787059691,265441008.128114
70,E07000033,Bolsover,PM2.5 annual mean stage2 Limit Value 2024,10,μg m⁻³,Compliant,Limit Value: 20 μg m⁻³,96584.208425637,160331907.837892
71,E07000034,Chesterfield,PM2.5 annual mean stage2 Limit Value 2024,9,μg m⁻³,Compliant,Limit Value: 20 μg m⁻³,52781.2346842813,66041206.2703223
72,E07000035,Derbyshire Dales,PM2.5 annual mean stage2 Limit Value 2024,7,μg m⁻³,Compliant,Limit Value: 20 μg m⁻³,245577.663456943,795348254.61578
73,E07000036,Erewash,PM2.5 annual mean stage2 Limit Value 2024,9,μg m⁻³,Compliant,Limit Value: 20 μg m⁻³,73956.5055720833,109640083.335565
74,E07000037,High Peak,PM2.5 annual mean stage2 Limit Value 2024,8,μg m⁻³,Compliant,Limit Value: 20 μg m⁻³,159568.982586967,540250052.9126
75,E07000038,North East Derbyshire,PM2.5 annual mean stage2 Limit Value 2024,8,μg m⁻³,Compliant,Limit Value: 20 μg m⁻³,161768.895136079,275612149.162968
76,E07000039,South Derbyshire,PM2.5 annual mean stage2 Limit Value 2024,9,μg m⁻³,Compliant,Limit Value: 20 μg m⁻³,167951.619691141,338124838.211645
77,E07000040,East Devon,PM2.5 annual mean stage2 Limit Value 2024,7,μg m⁻³,Compliant,Limit Value: 20 μg m⁻³,219959.581041224,814238349.08758
78,E07000041,Exeter,PM2.5 annual mean stage2 Limit Value 2024,7,μg m⁻³,Compliant,Limit Value: 20 μg m⁻³,50215.1954381231,47035619.5026005
79,E07000042,Mid Devon,PM2.5 annual mean stage2 Limit Value 2024,6,μg m⁻³,Compliant,Limit Value: 20 μg m⁻³,247023.792459853,912920091.195714
80,E07000043,North Devon,PM2.5 annual mean stage2 Limit Value 2024,6,μg m⁻³,Compliant,Limit Value: 20 μg m⁻³,321808.397890349,1085899908.73154
81,E07000044,South Hams,PM2.5 annual mean stage2 Limit Value 2024,6,μg m⁻³,Compliant,Limit Value: 20 μg m⁻³,479103.967956621,886571830.91371
82,E07000045,Teignbridge,PM2.5 annual mean stage2 Limit Value 2024,7,μg m⁻³,Compliant,Limit Value: 20 μg m⁻³,191913.201022936,673728837.332069
83,E07000046,Torridge,PM2.5 annual mean stage2 Limit Value 2024,5,μg m⁻³,Compliant,Limit Value: 20 μg m⁻³,317782.548343557,985229802.175827
84,E07000047,West Devon,PM2.5 annual mean stage2 Limit Value 2024,6,μg m⁻³,Compliant,Limit Value: 20 μg m⁻³,255117.500614557,1161128873.13055
85,E07000061,Eastbourne,PM2.5 annual mean stage2 Limit Value 2024,8,μg m⁻³,Compliant,Limit Value: 20 μg m⁻³,38032.2757999863,44161432.4155222
86,E07000062,Hastings,PM2.5 annual mean stage2 Limit Value 2024,8,μg m⁻³,Compliant,Limit Value: 20 μg m⁻³,34246.0422804782,29803221.3534497
87,E07000063,Lewes,PM2.5 annual mean stage2 Limit Value 2024,8,μg m⁻³,Compliant,Limit Value: 20 μg m⁻³,168719.343955948,292113745.183436
88,E07000064,Rother,PM2.5 annual mean stage2 Limit Value 2024,8,μg m⁻³,Compliant,Limit Value: 20 μg m⁻³,180881.309142764,511742896.735377
89,E07000065,Wealden,PM2.5 annual mean stage2 Limit Value 2024,8,μg m⁻³,Compliant,Limit Value: 20 μg m⁻³,227466.676150927,834983730.664122
90,E07000066,Basildon,PM2.5 annual mean stage2 Limit Value 2024,10,μg m⁻³,Compliant,Limit Value: 20 μg m⁻³,85763.0475001286,110016743.807174
91,E07000067,Braintree,PM2.5 annual mean stage2 Limit Value 2024,8,μg m⁻³,Compliant,Limit Value: 20 μg m⁻³,169285.674382175,611709237.534096
92,E07000068,Brentwood,PM2.5 annual mean stage2 Limit Value 2024,8,μg m⁻³,Compliant,Limit Value: 20 μg m⁻³,72558.0509260328,153117698.947694
93,E07000069,Castle Point,PM2.5 annual mean stage2 Limit Value 2024,9,μg m⁻³,Compliant,Limit Value: 20 μg m⁻³,163377.398332781,44667375.0309909
94,E07000070,Chelmsford,PM2.5 annual mean stage2 Limit Value 2024,9,μg m⁻³,Compliant,Limit Value: 20 μg m⁻³,126550.934567948,342237162.730495
95,E07000071,Colchester,PM2.5 annual mean stage2 Limit Value 2024,10,μg m⁻³,Compliant,Limit Value: 20 μg m⁻³,318422.658690291,332325101.609249
96,E07000072,Epping Forest,PM2.5 annual mean stage2 Limit Value 2024,9,μg m⁻³,Compliant,Limit Value: 20 μg m⁻³,123341.288433369,338978237.626918
97,E07000073,Harlow,PM2.5 annual mean stage2 Limit Value 2024,8,μg m⁻³,Compliant,Limit Value: 20 μg m⁻³,28511.3606128228,30543702.1951327
98,E07000074,Maldon,PM2.5 annual mean stage2 Limit Value 2024,7,μg m⁻³,Compliant,Limit Value: 20 μg m⁻³,469754.776615526,357815632.001214
99,E07000075,Rochford,PM2.5 annual mean stage2 Limit Value 2024,10,μg m⁻³,Compliant,Limit Value: 20 μg m⁻³,234447.340332915,167092338.61591
100,E07000076,Tendring,PM2.5 annual mean stage2 Limit Value 2024,8,μg m⁻³,Compliant,Limit Value: 20 μg m⁻³,442519.532391144,336324404.042294
101,E07000077,Uttlesford,PM2.5 annual mean stage2 Limit Value 2024,8,μg m⁻³,Compliant,Limit Value: 20 μg m⁻³,166618.859215705,641152728.051538
102,E07000078,Cheltenham,PM2.5 annual mean stage2 Limit Value 2024,9,μg m⁻³,Compliant,Limit Value: 20 μg m⁻³,38178.2326918157,46595493.7120552
103,E07000079,Cotswold,PM2.5 annual mean stage2 Limit Value 2024,8,μg m⁻³,Compliant,Limit Value: 20 μg m⁻³,335539.326348124,1164487068.84209
104,E07000080,Forest of Dean,PM2.5 annual mean stage2 Limit Value 2024,9,μg m⁻³,Compliant,Limit Value: 20 μg m⁻³,190506.43973886,525885240.89182
105,E07000081,Gloucester,PM2.5 annual mean stage2 Limit Value 2024,8,μg m⁻³,Compliant,Limit Value: 20 μg m⁻³,33539.6389322308,40553089.0722796
106,E07000082,Stroud,PM2.5 annual mean stage2 Limit Value 2024,7,μg m⁻³,Compliant,Limit Value: 20 μg m⁻³,173150.377489152,460562030.003456
107,E07000083,Tewkesbury,PM2.5 annual mean stage2 Limit Value 2024,8,μg m⁻³,Compliant,Limit Value: 20 μg m⁻³,204961.289277363,414385301.335853
108,E07000084,Basingstoke and Deane,PM2.5 annual mean stage2 Limit Value 2024,9,μg m⁻³,Compliant,Limit Value: 20 μg m⁻³,143620.44427934,633810907.215845
109,E07000085,East Hampshire,PM2.5 annual mean stage2 Limit Value 2024,7,μg m⁻³,Compliant,Limit Value: 20 μg m⁻³,144849.809479681,514412341.264368
110,E07000086,Eastleigh,PM2.5 annual mean stage2 Limit Value 2024,8,μg m⁻³,Compliant,Limit Value: 20 μg m⁻³,75975.504249282,79691536.8262375
111,E07000087,Fareham,PM2.5 annual mean stage2 Limit Value 2024,9,μg m⁻³,Compliant,Limit Value: 20 μg m⁻³,66918.8680679198,74219757.9308313
112,E07000088,Gosport,PM2.5 annual mean stage2 Limit Value 2024,7,μg m⁻³,Compliant,Limit Value: 20 μg m⁻³,40164.3549425318,25373848.4945462
113,E07000089,Hart,PM2.5 annual mean stage2 Limit Value 2024,8,μg m⁻³,Compliant,Limit Value: 20 μg m⁻³,78042.6995671943,215253775.457275
114,E07000090,Havant,PM2.5 annual mean stage2 Limit Value 2024,9,μg m⁻³,Compliant,Limit Value: 20 μg m⁻³,116754.977010935,55751350.2439055
115,E07000091,New Forest,PM2.5 annual mean stage2 Limit Value 2024,9,μg m⁻³,Compliant,Limit Value: 20 μg m⁻³,332070.54322569,752180401.241581
116,E07000092,Rushmoor,PM2.5 annual mean stage2 Limit Value 2024,10,μg m⁻³,Compliant,Limit Value: 20 μg m⁻³,32056.2341518054,39049590.4797766
117,E07000093,Test Valley,PM2.5 annual mean stage2 Limit Value 2024,8,μg m⁻³,Compliant,Limit Value: 20 μg m⁻³,191094.176457096,627653923.338357
118,E07000094,Winchester,PM2.5 annual mean stage2 Limit Value 2024,7,μg m⁻³,Compliant,Limit Value: 20 μg m⁻³,172323.350948422,660970589.847278
119,E07000095,Broxbourne,PM2.5 annual mean stage2 Limit Value 2024,10,μg m⁻³,Compliant,Limit Value: 20 μg m⁻³,39087.0293898393,51456852.362682
120,E07000096,Dacorum,PM2.5 annual mean stage2 Limit Value 2024,9,μg m⁻³,Compliant,Limit Value: 20 μg m⁻³,110204.635494882,212479765.160815
121,E07000098,Hertsmere,PM2.5 annual mean stage2 Limit Value 2024,9,μg m⁻³,Compliant,Limit Value: 20 μg m⁻³,61230.0105955864,101127415.442374
122,E07000099,North Hertfordshire,PM2.5 annual mean stage2 Limit Value 2024,9,μg m⁻³,Compliant,Limit Value: 20 μg m⁻³,168555.896039624,375384604.961088
123,E07000102,Three Rivers,PM2.5 annual mean stage2 Limit Value 2024,8,μg m⁻³,Compliant,Limit Value: 20 μg m⁻³,74106.7197555282,88823383.3053975
124,E07000103,Watford,PM2.5 annual mean stage2 Limit Value 2024,9,μg m⁻³,Compliant,Limit Value: 20 μg m⁻³,26392.3637917563,21430351.4040458
125,E07000105,Ashford,PM2.5 annual mean stage2 Limit Value 2024,8,μg m⁻³,Compliant,Limit Value: 20 μg m⁻³,149683.93898238,580641712.864582
126,E07000106,Canterbury,PM2.5 annual mean stage2 Limit Value 2024,8,μg m⁻³,Compliant,Limit Value: 20 μg m⁻³,134557.514202559,308737215.453066
127,E07000107,Dartford,PM2.5 annual mean stage2 Limit Value 2024,10,μg m⁻³,Compliant,Limit Value: 20 μg m⁻³,57310.6206006744,72732638.807059
128,E07000108,Dover,PM2.5 annual mean stage2 Limit Value 2024,8,μg m⁻³,Compliant,Limit Value: 20 μg m⁻³,148179.150126335,315349622.005707
129,E07000109,Gravesham,PM2.5 annual mean stage2 Limit Value 2024,9,μg m⁻³,Compliant,Limit Value: 20 μg m⁻³,60525.9803411105,98988297.4414592
130,E07000110,Maidstone,PM2.5 annual mean stage2 Limit Value 2024,9,μg m⁻³,Compliant,Limit Value: 20 μg m⁻³,123201.928877803,393344138.836054
131,E07000111,Sevenoaks,PM2.5 annual mean stage2 Limit Value 2024,8,μg m⁻³,Compliant,Limit Value: 20 μg m⁻³,134511.165754604,370339571.961828
132,E07000112,Folkestone and Hythe,PM2.5 annual mean stage2 Limit Value 2024,8,μg m⁻³,Compliant,Limit Value: 20 μg m⁻³,149143.77591262,356912280.777288
133,E07000113,Swale,PM2.5 annual mean stage2 Limit Value 2024,9,μg m⁻³,Compliant,Limit Value: 20 μg m⁻³,347864.996698402,373441944.637674
134,E07000114,Thanet,PM2.5 annual mean stage2 Limit Value 2024,8,μg m⁻³,Compliant,Limit Value: 20 μg m⁻³,65351.04422439,103609163.623051
135,E07000115,Tonbridge and Malling,PM2.5 annual mean stage2 Limit Value 2024,10,μg m⁻³,Compliant,Limit Value: 20 μg m⁻³,133455.416254302,240119612.281035
136,E07000116,Tunbridge Wells,PM2.5 annual mean stage2 Limit Value 2024,8,μg m⁻³,Compliant,Limit Value: 20 μg m⁻³,152255.275381501,331285438.542984
137,E07000117,Burnley,PM2.5 annual mean stage2 Limit Value 2024,8,μg m⁻³,Compliant,Limit Value: 20 μg m⁻³,58021.204509472,110681553.252824
138,E07000118,Chorley,PM2.5 annual mean stage2 Limit Value 2024,8,μg m⁻³,Compliant,Limit Value: 20 μg m⁻³,115216.299819176,202756375.630611
139,E07000119,Fylde,PM2.5 annual mean stage2 Limit Value 2024,7,μg m⁻³,Compliant,Limit Value: 20 μg m⁻³,138383.125718957,165692011.070242
140,E07000120,Hyndburn,PM2.5 annual mean stage2 Limit Value 2024,8,μg m⁻³,Compliant,Limit Value: 20 μg m⁻³,42819.7713074993,72977158.4901871
141,E07000121,Lancaster,PM2.5 annual mean stage2 Limit Value 2024,7,μg m⁻³,Compliant,Limit Value: 20 μg m⁻³,345306.436007849,566935032.771466
142,E07000122,Pendle,PM2.5 annual mean stage2 Limit Value 2024,7,μg m⁻³,Compliant,Limit Value: 20 μg m⁻³,79346.173257978,169402555.739971
143,E07000123,Preston,PM2.5 annual mean stage2 Limit Value 2024,7,μg m⁻³,Compliant,Limit Value: 20 μg m⁻³,83245.3292951348,142288493.539624
144,E07000124,Ribble Valley,PM2.5 annual mean stage2 Limit Value 2024,7,μg m⁻³,Compliant,Limit Value: 20 μg m⁻³,151013.591914033,584466146.532545
145,E07000125,Rossendale,PM2.5 annual mean stage2 Limit Value 2024,9,μg m⁻³,Compliant,Limit Value: 20 μg m⁻³,71574.526232342,138040939.509058
146,E07000126,South Ribble,PM2.5 annual mean stage2 Limit Value 2024,8,μg m⁻³,Compliant,Limit Value: 20 μg m⁻³,105718.492613051,113185304.849109
147,E07000127,West Lancashire,PM2.5 annual mean stage2 Limit Value 2024,7,μg m⁻³,Compliant,Limit Value: 20 μg m⁻³,227356.59919457,346632922.536396
148,E07000128,Wyre,PM2.5 annual mean stage2 Limit Value 2024,6,μg m⁻³,Compliant,Limit Value: 20 μg m⁻³,213269.139453587,282158220.642631
149,E07000129,Blaby,PM2.5 annual mean stage2 Limit Value 2024,9,μg m⁻³,Compliant,Limit Value: 20 μg m⁻³,100944.368931505,130496665.218247
150,E07000130,Charnwood,PM2.5 annual mean stage2 Limit Value 2024,9,μg m⁻³,Compliant,Limit Value: 20 μg m⁻³,115426.649505367,279023975.190082
151,E07000131,Harborough,PM2.5 annual mean stage2 Limit Value 2024,8,μg m⁻³,Compliant,Limit Value: 20 μg m⁻³,186878.410639022,592660458.310494
152,E07000132,Hinckley and Bosworth,PM2.5 annual mean stage2 Limit Value 2024,8,μg m⁻³,Compliant,Limit Value: 20 μg m⁻³,111651.14238606,297341397.945024
153,E07000133,Melton,PM2.5 annual mean stage2 Limit Value 2024,8,μg m⁻³,Compliant,Limit Value: 20 μg m⁻³,141258.171335166,481387671.821544
154,E07000134,North West Leicestershire,PM2.5 annual mean stage2 Limit Value 2024,8,μg m⁻³,Compliant,Limit Value: 20 μg m⁻³,117243.493786961,279338269.741334
155,E07000135,Oadby and Wigston,PM2.5 annual mean stage2 Limit Value 2024,8,μg m⁻³,Compliant,Limit Value: 20 μg m⁻³,31171.7326068495,23526096.5233003
156,E07000136,Boston,PM2.5 annual mean stage2 Limit Value 2024,9,μg m⁻³,Compliant,Limit Value: 20 μg m⁻³,440740.319648629,363992639.039493
157,E07000137,East Lindsey,PM2.5 annual mean stage2 Limit Value 2024,8,μg m⁻³,Compliant,Limit Value: 20 μg m⁻³,373230.394037034,1766764893.82446
158,E07000138,Lincoln,PM2.5 annual mean stage2 Limit Value 2024,9,μg m⁻³,Compliant,Limit Value: 20 μg m⁻³,32969.7629878016,35690274.4689423
159,E07000139,North Kesteven,PM2.5 annual mean stage2 Limit Value 2024,8,μg m⁻³,Compliant,Limit Value: 20 μg m⁻³,181759.105813938,922473345.74708
160,E07000140,South Holland,PM2.5 annual mean stage2 Limit Value 2024,7,μg m⁻³,Compliant,Limit Value: 20 μg m⁻³,438560.295968824,750071375.893524
161,E07000141,South Kesteven,PM2.5 annual mean stage2 Limit Value 2024,9,μg m⁻³,Compliant,Limit Value: 20 μg m⁻³,209905.111154292,942575057.104899
162,E07000142,West Lindsey,PM2.5 annual mean stage2 Limit Value 2024,8,μg m⁻³,Compliant,Limit Value: 20 μg m⁻³,249612.875896776,1155736461.41854
163,E07000143,Breckland,PM2.5 annual mean stage2 Limit Value 2024,8,μg m⁻³,Compliant,Limit Value: 20 μg m⁻³,239747.390652226,1305103059.65643
164,E07000144,Broadland,PM2.5 annual mean stage2 Limit Value 2024,8,μg m⁻³,Compliant,Limit Value: 20 μg m⁻³,219270.240074028,552094736.951815
165,E07000145,Great Yarmouth,PM2.5 annual mean stage2 Limit Value 2024,9,μg m⁻³,Compliant,Limit Value: 20 μg m⁻³,145965.855826958,174313327.962374
166,E07000146,King's Lynn and West Norfolk,PM2.5 annual mean stage2 Limit Value 2024,9,μg m⁻³,Compliant,Limit Value: 20 μg m⁻³,696034.591363005,1439509940.6042
167,E07000147,North Norfolk,PM2.5 annual mean stage2 Limit Value 2024,7,μg m⁻³,Compliant,Limit Value: 20 μg m⁻³,600200.054360901,967540990.993149
168,E07000148,Norwich,PM2.5 annual mean stage2 Limit Value 2024,9,μg m⁻³,Compliant,Limit Value: 20 μg m⁻³,52437.033014175,38997724.0761039
169,E07000149,South Norfolk,PM2.5 annual mean stage2 Limit Value 2024,8,μg m⁻³,Compliant,Limit Value: 20 μg m⁻³,267591.666181277,907645557.174687
170,E07000170,Ashfield,PM2.5 annual mean stage2 Limit Value 2024,10,μg m⁻³,Compliant,Limit Value: 20 μg m⁻³,69376.4848446495,109545916.814241
171,E07000171,Bassetlaw,PM2.5 annual mean stage2 Limit Value 2024,8,μg m⁻³,Compliant,Limit Value: 20 μg m⁻³,159773.333349475,637795054.839644
172,E07000172,Broxtowe,PM2.5 annual mean stage2 Limit Value 2024,9,μg m⁻³,Compliant,Limit Value: 20 μg m⁻³,66131.4865810873,80101784.1320907
173,E07000173,Gedling,PM2.5 annual mean stage2 Limit Value 2024,9,μg m⁻³,Compliant,Limit Value: 20 μg m⁻³,69769.9335676591,119984652.898761
174,E07000174,Mansfield,PM2.5 annual mean stage2 Limit Value 2024,9,μg m⁻³,Compliant,Limit Value: 20 μg m⁻³,51139.2641952883,76705395.3788469
175,E07000175,Newark and Sherwood,PM2.5 annual mean stage2 Limit Value 2024,8,μg m⁻³,Compliant,Limit Value: 20 μg m⁻³,187422.294092548,651340472.185178
176,E07000176,Rushcliffe,PM2.5 annual mean stage2 Limit Value 2024,9,μg m⁻³,Compliant,Limit Value: 20 μg m⁻³,123452.523436434,409235407.304787
177,E07000177,Cherwell,PM2.5 annual mean stage2 Limit Value 2024,10,μg m⁻³,Compliant,Limit Value: 20 μg m⁻³,226165.16267401,588732059.79571
178,E07000178,Oxford,PM2.5 annual mean stage2 Limit Value 2024,9,μg m⁻³,Compliant,Limit Value: 20 μg m⁻³,34999.534855006,45602916.3578427
179,E07000179,South Oxfordshire,PM2.5 annual mean stage2 Limit Value 2024,8,μg m⁻³,Compliant,Limit Value: 20 μg m⁻³,205573.480092838,678502434.250085
180,E07000180,Vale of White Horse,PM2.5 annual mean stage2 Limit Value 2024,10,μg m⁻³,Compliant,Limit Value: 20 μg m⁻³,176652.809326252,578677900.3704
181,E07000181,West Oxfordshire,PM2.5 annual mean stage2 Limit Value 2024,7,μg m⁻³,Compliant,Limit Value: 20 μg m⁻³,160453.865743626,714428143.731371
182,E07000192,Cannock Chase,PM2.5 annual mean stage2 Limit Value 2024,11,μg m⁻³,Compliant,Limit Value: 20 μg m⁻³,50270.781915423,78877759.6618586
183,E07000193,East Staffordshire,PM2.5 annual mean stage2 Limit Value 2024,8,μg m⁻³,Compliant,Limit Value: 20 μg m⁻³,184513.197763655,389939570.569902
184,E07000194,Lichfield,PM2.5 annual mean stage2 Limit Value 2024,9,μg m⁻³,Compliant,Limit Value: 20 μg m⁻³,127607.580134346,331269342.719397
185,E07000195,Newcastle-under-Lyme,PM2.5 annual mean stage2 Limit Value 2024,9,μg m⁻³,Compliant,Limit Value: 20 μg m⁻³,109457.167900843,210953054.602365
186,E07000196,South Staffordshire,PM2.5 annual mean stage2 Limit Value 2024,8,μg m⁻³,Compliant,Limit Value: 20 μg m⁻³,185193.006819936,407283249.102707
187,E07000197,Stafford,PM2.5 annual mean stage2 Limit Value 2024,9,μg m⁻³,Compliant,Limit Value: 20 μg m⁻³,160970.713901445,598183290.270754
188,E07000198,Staffordshire Moorlands,PM2.5 annual mean stage2 Limit Value 2024,9,μg m⁻³,Compliant,Limit Value: 20 μg m⁻³,153191.9977424,575894391.498459
189,E07000199,Tamworth,PM2.5 annual mean stage2 Limit Value 2024,9,μg m⁻³,Compliant,Limit Value: 20 μg m⁻³,30734.6200652686,30841239.5860333
190,E07000200,Babergh,PM2.5 annual mean stage2 Limit Value 2024,8,μg m⁻³,Compliant,Limit Value: 20 μg m⁻³,210649.709137972,595116849.299953
191,E07000202,Ipswich,PM2.5 annual mean stage2 Limit Value 2024,9,μg m⁻³,Compliant,Limit Value: 20 μg m⁻³,45375.9428304216,39502353.9383901
192,E07000203,Mid Suffolk,PM2.5 annual mean stage2 Limit Value 2024,8,μg m⁻³,Compliant,Limit Value: 20 μg m⁻³,191444.708510626,871063623.353277
193,E07000207,Elmbridge,PM2.5 annual mean stage2 Limit Value 2024,9,μg m⁻³,Compliant,Limit Value: 20 μg m⁻³,52368.5304014221,96342756.7222681
194,E07000208,Epsom and Ewell,PM2.5 annual mean stage2 Limit Value 2024,9,μg m⁻³,Compliant,Limit Value: 20 μg m⁻³,28676.2804027429,34087812.7469861
195,E07000209,Guildford,PM2.5 annual mean stage2 Limit Value 2024,10,μg m⁻³,Compliant,Limit Value: 20 μg m⁻³,129029.495364157,270944767.843469
196,E07000210,Mole Valley,PM2.5 annual mean stage2 Limit Value 2024,9,μg m⁻³,Compliant,Limit Value: 20 μg m⁻³,105886.897431255,258311861.369162
197,E07000211,Reigate and Banstead,PM2.5 annual mean stage2 Limit Value 2024,9,μg m⁻³,Compliant,Limit Value: 20 μg m⁻³,80207.2740568989,129161835.194536
198,E07000212,Runnymede,PM2.5 annual mean stage2 Limit Value 2024,10,μg m⁻³,Compliant,Limit Value: 20 μg m⁻³,45724.2760264479,78025273.9387194
199,E07000213,Spelthorne,PM2.5 annual mean stage2 Limit Value 2024,10,μg m⁻³,Compliant,Limit Value: 20 μg m⁻³,44178.7863749386,51171307.0410543
200,E07000214,Surrey Heath,PM2.5 annual mean stage2 Limit Value 2024,10,μg m⁻³,Compliant,Limit Value: 20 μg m⁻³,53639.3500502777,95092706.6129701
201,E07000215,Tandridge,PM2.5 annual mean stage2 Limit Value 2024,8,μg m⁻³,Compliant,Limit Value: 20 μg m⁻³,83233.4211568909,248227478.0456
202,E07000216,Waverley,PM2.5 annual mean stage2 Limit Value 2024,7,μg m⁻³,Compliant,Limit Value: 20 μg m⁻³,126098.623948907,345197071.46414
203,E07000217,Woking,PM2.5 annual mean stage2 Limit Value 2024,9,μg m⁻³,Compliant,Limit Value: 20 μg m⁻³,55046.6887797958,63609573.8390103
204,E07000218,North Warwickshire,PM2.5 annual mean stage2 Limit Value 2024,9,μg m⁻³,Compliant,Limit Value: 20 μg m⁻³,113432.317378542,284306773.100745
205,E07000219,Nuneaton and Bedworth,PM2.5 annual mean stage2 Limit Value 2024,9,μg m⁻³,Compliant,Limit Value: 20 μg m⁻³,48388.7740430474,78906960.884242
206,E07000220,Rugby,PM2.5 annual mean stage2 Limit Value 2024,10,μg m⁻³,Compliant,Limit Value: 20 μg m⁻³,115336.728944266,353584321.176879
207,E07000221,Stratford-on-Avon,PM2.5 annual mean stage2 Limit Value 2024,7,μg m⁻³,Compliant,Limit Value: 20 μg m⁻³,262188.028808644,977892039.071459
208,E07000222,Warwick,PM2.5 annual mean stage2 Limit Value 2024,8,μg m⁻³,Compliant,Limit Value: 20 μg m⁻³,116849.205542465,282868598.984747
209,E07000223,Adur,PM2.5 annual mean stage2 Limit Value 2024,8,μg m⁻³,Compliant,Limit Value: 20 μg m⁻³,60501.0407623102,42068813.1787997
210,E07000224,Arun,PM2.5 annual mean stage2 Limit Value 2024,8,μg m⁻³,Compliant,Limit Value: 20 μg m⁻³,156506.494886894,220995178.907086
211,E07000225,Chichester,PM2.5 annual mean stage2 Limit Value 2024,8,μg m⁻³,Compliant,Limit Value: 20 μg m⁻³,297499.361146624,786190131.650027
212,E07000226,Crawley,PM2.5 annual mean stage2 Limit Value 2024,9,μg m⁻³,Compliant,Limit Value: 20 μg m⁻³,38945.4346631738,44945277.2298335
213,E07000227,Horsham,PM2.5 annual mean stage2 Limit Value 2024,10,μg m⁻³,Compliant,Limit Value: 20 μg m⁻³,216052.087268053,530243455.67315
214,E07000228,Mid Sussex,PM2.5 annual mean stage2 Limit Value 2024,9,μg m⁻³,Compliant,Limit Value: 20 μg m⁻³,133480.322473119,334023650.32342
215,E07000229,Worthing,PM2.5 annual mean stage2 Limit Value 2024,8,μg m⁻³,Compliant,Limit Value: 20 μg m⁻³,29448.8397732759,32520154.8821785
216,E07000234,Bromsgrove,PM2.5 annual mean stage2 Limit Value 2024,9,μg m⁻³,Compliant,Limit Value: 20 μg m⁻³,113215.421691077,216969378.585191
217,E07000235,Malvern Hills,PM2.5 annual mean stage2 Limit Value 2024,7,μg m⁻³,Compliant,Limit Value: 20 μg m⁻³,231531.179789177,577084249.561344
218,E07000236,Redditch,PM2.5 annual mean stage2 Limit Value 2024,8,μg m⁻³,Compliant,Limit Value: 20 μg m⁻³,41251.6002473071,54256306.1395833
219,E07000237,Worcester,PM2.5 annual mean stage2 Limit Value 2024,8,μg m⁻³,Compliant,Limit Value: 20 μg m⁻³,31363.8912502372,33350209.3253665
220,E07000238,Wychavon,PM2.5 annual mean stage2 Limit Value 2024,9,μg m⁻³,Compliant,Limit Value: 20 μg m⁻³,219666.589492899,663492511.956469
221,E07000239,Wyre Forest,PM2.5 annual mean stage2 Limit Value 2024,8,μg m⁻³,Compliant,Limit Value: 20 μg m⁻³,101049.694107757,195434360.016523
222,E07000240,St Albans,PM2.5 annual mean stage2 Limit Value 2024,8,μg m⁻³,Compliant,Limit Value: 20 μg m⁻³,72948.1937447321,161206621.221989
223,E07000241,Welwyn Hatfield,PM2.5 annual mean stage2 Limit Value 2024,9,μg m⁻³,Compliant,Limit Value: 20 μg m⁻³,82367.0015278096,129542934.741072
224,E07000242,East Hertfordshire,PM2.5 annual mean stage2 Limit Value 2024,9,μg m⁻³,Compliant,Limit Value: 20 μg m⁻³,135238.613682716,475667265.748264
225,E07000243,Stevenage,PM2.5 annual mean stage2 Limit Value 2024,9,μg m⁻³,Compliant,Limit Value: 20 μg m⁻³,28588.2613575799,25969241.2793979
226,E07000244,East Suffolk,PM2.5 annual mean stage2 Limit Value 2024,8,μg m⁻³,Compliant,Limit Value: 20 μg m⁻³,584970.175541922,1260992445.15632
227,E07000245,West Suffolk,PM2.5 annual mean stage2 Limit Value 2024,10,μg m⁻³,Compliant,Limit Value: 20 μg m⁻³,275080.248691511,1034734448.08957
228,E08000001,Bolton,PM2.5 annual mean stage2 Limit Value 2024,9,μg m⁻³,Compliant,Limit Value: 20 μg m⁻³,82693.2540278717,139783107.745901
229,E08000002,Bury,PM2.5 annual mean stage2 Limit Value 2024,9,μg m⁻³,Compliant,Limit Value: 20 μg m⁻³,68688.4825312213,99458512.7524408
230,E08000003,Manchester,PM2.5 annual mean stage2 Limit Value 2024,10,μg m⁻³,Compliant,Limit Value: 20 μg m⁻³,86892.433397996,115653401.541522
231,E08000004,Oldham,PM2.5 annual mean stage2 Limit Value 2024,10,μg m⁻³,Compliant,Limit Value: 20 μg m⁻³,71147.5842205099,142344981.878241
232,E08000005,Rochdale,PM2.5 annual mean stage2 Limit Value 2024,9,μg m⁻³,Compliant,Limit Value: 20 μg m⁻³,82892.7440865498,158123788.73738
233,E08000006,Salford,PM2.5 annual mean stage2 Limit Value 2024,10,μg m⁻³,Compliant,Limit Value: 20 μg m⁻³,63268.7415907749,97197278.5168638
234,E08000007,Stockport,PM2.5 annual mean stage2 Limit Value 2024,10,μg m⁻³,Compliant,Limit Value: 20 μg m⁻³,74145.4134170103,126052590.801426
235,E08000008,Tameside,PM2.5 annual mean stage2 Limit Value 2024,10,μg m⁻³,Compliant,Limit Value: 20 μg m⁻³,55937.4873369957,103152118.846342
236,E08000009,Trafford,PM2.5 annual mean stage2 Limit Value 2024,9,μg m⁻³,Compliant,Limit Value: 20 μg m⁻³,60950.1421169088,106042088.302322
237,E08000010,Wigan,PM2.5 annual mean stage2 Limit Value 2024,8,μg m⁻³,Compliant,Limit Value: 20 μg m⁻³,89157.7364655869,188158510.540011
238,E08000011,Knowsley,PM2.5 annual mean stage2 Limit Value 2024,8,μg m⁻³,Compliant,Limit Value: 20 μg m⁻³,68167.4015523111,86500061.2083218
239,E08000012,Liverpool,PM2.5 annual mean stage2 Limit Value 2024,9,μg m⁻³,Compliant,Limit Value: 20 μg m⁻³,62719.3408293205,111841855.295591
240,E08000013,St. Helens,PM2.5 annual mean stage2 Limit Value 2024,8,μg m⁻³,Compliant,Limit Value: 20 μg m⁻³,76635.3654104007,136356994.149842
241,E08000014,Sefton,PM2.5 annual mean stage2 Limit Value 2024,8,μg m⁻³,Compliant,Limit Value: 20 μg m⁻³,130249.571468514,156591233.075962
242,E08000015,Wirral,PM2.5 annual mean stage2 Limit Value 2024,8,μg m⁻³,Compliant,Limit Value: 20 μg m⁻³,133923.026775241,160923505.747606
243,E08000016,Barnsley,PM2.5 annual mean stage2 Limit Value 2024,9,μg m⁻³,Compliant,Limit Value: 20 μg m⁻³,126424.154278174,329089689.595289
244,E08000017,Doncaster,PM2.5 annual mean stage2 Limit Value 2024,9,μg m⁻³,Compliant,Limit Value: 20 μg m⁻³,171230.009971662,567993369.506652
245,E08000018,Rotherham,PM2.5 annual mean stage2 Limit Value 2024,10,μg m⁻³,Compliant,Limit Value: 20 μg m⁻³,106151.903803257,286534366.919978
246,E08000019,Sheffield,PM2.5 annual mean stage2 Limit Value 2024,10,μg m⁻³,Compliant,Limit Value: 20 μg m⁻³,132842.901701501,367918909.431364
247,E08000021,Newcastle upon Tyne,PM2.5 annual mean stage2 Limit Value 2024,8,μg m⁻³,Compliant,Limit Value: 20 μg m⁻³,65219.1827228212,113450638.765531
248,E08000022,North Tyneside,PM2.5 annual mean stage2 Limit Value 2024,9,μg m⁻³,Compliant,Limit Value: 20 μg m⁻³,65612.6125404295,82301764.5270857
249,E08000023,South Tyneside,PM2.5 annual mean stage2 Limit Value 2024,9,μg m⁻³,Compliant,Limit Value: 20 μg m⁻³,51335.2670770278,64420348.6115216
250,E08000024,Sunderland,PM2.5 annual mean stage2 Limit Value 2024,9,μg m⁻³,Compliant,Limit Value: 20 μg m⁻³,99802.8078013661,137424328.903883
251,E08000025,Birmingham,PM2.5 annual mean stage2 Limit Value 2024,11,μg m⁻³,Compliant,Limit Value: 20 μg m⁻³,106273.524658747,267778221.223319
252,E08000026,Coventry,PM2.5 annual mean stage2 Limit Value 2024,10,μg m⁻³,Compliant,Limit Value: 20 μg m⁻³,54171.8010779828,98647890.6342889
253,E08000027,Dudley,PM2.5 annual mean stage2 Limit Value 2024,10,μg m⁻³,Compliant,Limit Value: 20 μg m⁻³,75351.6914390144,97973020.5347941
254,E08000028,Sandwell,PM2.5 annual mean stage2 Limit Value 2024,10,μg m⁻³,Compliant,Limit Value: 20 μg m⁻³,59232.5102813195,85567385.5239955
255,E08000029,Solihull,PM2.5 annual mean stage2 Limit Value 2024,10,μg m⁻³,Compliant,Limit Value: 20 μg m⁻³,101078.675734325,178295044.7103
256,E08000030,Walsall,PM2.5 annual mean stage2 Limit Value 2024,10,μg m⁻³,Compliant,Limit Value: 20 μg m⁻³,59510.3014860451,103998021.303264
257,E08000031,Wolverhampton,PM2.5 annual mean stage2 Limit Value 2024,10,μg m⁻³,Compliant,Limit Value: 20 μg m⁻³,56200.1854972748,69439516.4693218
258,E08000032,Bradford,PM2.5 annual mean stage2 Limit Value 2024,10,μg m⁻³,Compliant,Limit Value: 20 μg m⁻³,136041.841492011,366387610.037911
259,E08000033,Calderdale,PM2.5 annual mean stage2 Limit Value 2024,9,μg m⁻³,Compliant,Limit Value: 20 μg m⁻³,107849.928625594,363961998.589869
260,E08000034,Kirklees,PM2.5 annual mean stage2 Limit Value 2024,9,μg m⁻³,Compliant,Limit Value: 20 μg m⁻³,125668.276601684,408551660.685684
261,E08000035,Leeds,PM2.5 annual mean stage2 Limit Value 2024,10,μg m⁻³,Compliant,Limit Value: 20 μg m⁻³,161783.30025786,551697983.924122
262,E08000036,Wakefield,PM2.5 annual mean stage2 Limit Value 2024,9,μg m⁻³,Compliant,Limit Value: 20 μg m⁻³,109463.135918008,338608696.133011
263,E08000037,Gateshead,PM2.5 annual mean stage2 Limit Value 2024,9,μg m⁻³,Compliant,Limit Value: 20 μg m⁻³,90343.0403610091,142344543.554331
264,E09000001,City of London,PM2.5 annual mean stage2 Limit Value 2024,12,μg m⁻³,Compliant,Limit Value: 20 μg m⁻³,9404.60043276979,2889678.82075902
265,E09000002,Barking and Dagenham,PM2.5 annual mean stage2 Limit Value 2024,11,μg m⁻³,Compliant,Limit Value: 20 μg m⁻³,40902.966484398,36101367.2758724
266,E09000003,Barnet,PM2.5 annual mean stage2 Limit Value 2024,11,μg m⁻³,Compliant,Limit Value: 20 μg m⁻³,50937.7781734552,86766703.2437149
267,E09000004,Bexley,PM2.5 annual mean stage2 Limit Value 2024,11,μg m⁻³,Compliant,Limit Value: 20 μg m⁻³,47962.1730445535,60572214.7033068
268,E09000005,Brent,PM2.5 annual mean stage2 Limit Value 2024,11,μg m⁻³,Compliant,Limit Value: 20 μg m⁻³,38441.4621153574,43236364.5663989
269,E09000006,Bromley,PM2.5 annual mean stage2 Limit Value 2024,10,μg m⁻³,Compliant,Limit Value: 20 μg m⁻³,76220.0050550518,150128747.074019
270,E09000007,Camden,PM2.5 annual mean stage2 Limit Value 2024,12,μg m⁻³,Compliant,Limit Value: 20 μg m⁻³,26245.7391815633,21778579.6567407
271,E09000008,Croydon,PM2.5 annual mean stage2 Limit Value 2024,10,μg m⁻³,Compliant,Limit Value: 20 μg m⁻³,58749.7093286412,86466111.9246919
272,E09000009,Ealing,PM2.5 annual mean stage2 Limit Value 2024,12,μg m⁻³,Compliant,Limit Value: 20 μg m⁻³,47461.4255075927,55542068.0516889
273,E09000010,Enfield,PM2.5 annual mean stage2 Limit Value 2024,11,μg m⁻³,Compliant,Limit Value: 20 μg m⁻³,41084.7850246047,82169741.993584
274,E09000011,Greenwich,PM2.5 annual mean stage2 Limit Value 2024,12,μg m⁻³,Compliant,Limit Value: 20 μg m⁻³,47635.2845118944,47311233.5022107
275,E09000012,Hackney,PM2.5 annual mean stage2 Limit Value 2024,12,μg m⁻³,Compliant,Limit Value: 20 μg m⁻³,25441.8544084358,19043878.1604595
276,E09000013,Hammersmith and Fulham,PM2.5 annual mean stage2 Limit Value 2024,12,μg m⁻³,Compliant,Limit Value: 20 μg m⁻³,23971.6550954436,16401378.6167006
277,E09000014,Haringey,PM2.5 annual mean stage2 Limit Value 2024,11,μg m⁻³,Compliant,Limit Value: 20 μg m⁻³,29085.5089591114,29606188.7650659
278,E09000015,Harrow,PM2.5 annual mean stage2 Limit Value 2024,9,μg m⁻³,Compliant,Limit Value: 20 μg m⁻³,33811.7299438578,50464270.2590948
279,E09000016,Havering,PM2.5 annual mean stage2 Limit Value 2024,11,μg m⁻³,Compliant,Limit Value: 20 μg m⁻³,63737.3425936002,112335892.154386
280,E09000017,Hillingdon,PM2.5 annual mean stage2 Limit Value 2024,11,μg m⁻³,Compliant,Limit Value: 20 μg m⁻³,63971.6763368088,115707412.04482
281,E09000018,Hounslow,PM2.5 annual mean stage2 Limit Value 2024,11,μg m⁻³,Compliant,Limit Value: 20 μg m⁻³,64519.2910896989,55962117.4074881
282,E09000019,Islington,PM2.5 annual mean stage2 Limit Value 2024,12,μg m⁻³,Compliant,Limit Value: 20 μg m⁻³,20747.7400710421,14858041.7285896
283,E09000020,Kensington and Chelsea,PM2.5 annual mean stage2 Limit Value 2024,12,μg m⁻³,Compliant,Limit Value: 20 μg m⁻³,21026.5003528169,12125681.9577032
284,E09000021,Kingston upon Thames,PM2.5 annual mean stage2 Limit Value 2024,11,μg m⁻³,Compliant,Limit Value: 20 μg m⁻³,37617.9489921465,37255555.1012874
285,E09000022,Lambeth,PM2.5 annual mean stage2 Limit Value 2024,11,μg m⁻³,Compliant,Limit Value: 20 μg m⁻³,34048.7119477621,26807014.7127324
286,E09000023,Lewisham,PM2.5 annual mean stage2 Limit Value 2024,11,μg m⁻³,Compliant,Limit Value: 20 μg m⁻³,41214.8847805117,35146120.5546003
287,E09000024,Merton,PM2.5 annual mean stage2 Limit Value 2024,10,μg m⁻³,Compliant,Limit Value: 20 μg m⁻³,32439.5697603333,37624038.3918514
288,E09000025,Newham,PM2.5 annual mean stage2 Limit Value 2024,12,μg m⁻³,Compliant,Limit Value: 20 μg m⁻³,35876.1023917191,36195900.5955116
289,E09000026,Redbridge,PM2.5 annual mean stage2 Limit Value 2024,12,μg m⁻³,Compliant,Limit Value: 20 μg m⁻³,50569.2757935763,56394135.3939343
290,E09000027,Richmond upon Thames,PM2.5 annual mean stage2 Limit Value 2024,10,μg m⁻³,Compliant,Limit Value: 20 μg m⁻³,68918.9549695918,57387419.0956328
291,E09000028,Southwark,PM2.5 annual mean stage2 Limit Value 2024,11,μg m⁻³,Compliant,Limit Value: 20 μg m⁻³,34596.3324614038,28877696.864318
292,E09000029,Sutton,PM2.5 annual mean stage2 Limit Value 2024,10,μg m⁻³,Compliant,Limit Value: 20 μg m⁻³,39932.1497965699,43846618.346967
293,E09000030,Tower Hamlets,PM2.5 annual mean stage2 Limit Value 2024,12,μg m⁻³,Compliant,Limit Value: 20 μg m⁻³,28755.0070385497,19770868.2103818
294,E09000031,Waltham Forest,PM2.5 annual mean stage2 Limit Value 2024,12,μg m⁻³,Compliant,Limit Value: 20 μg m⁻³,33346.5752488402,38810231.0080733
295,E09000032,Wandsworth,PM2.5 annual mean stage2 Limit Value 2024,10,μg m⁻³,Compliant,Limit Value: 20 μg m⁻³,38839.8585916477,34261867.3557871
296,E09000033,Westminster,PM2.5 annual mean stage2 Limit Value 2024,12,μg m⁻³,Compliant,Limit Value: 20 μg m⁻³,27534.1316680158,21482611.1975184
297,N09000001,Antrim and Newtownabbey,PM2.5 annual mean stage2 Limit Value 2024,6,μg m⁻³,Compliant,Limit Value: 20 μg m⁻³,165066.961090158,728186534.011934
298,N09000002,Armagh City Banbridge and Craigavon,PM2.5 annual mean stage2 Limit Value 2024,6,μg m⁻³,Compliant,Limit Value: 20 μg m⁻³,242954.33539518,1437068573.07739
299,N09000003,Belfast,PM2.5 annual mean stage2 Limit Value 2024,9,μg m⁻³,Compliant,Limit Value: 20 μg m⁻³,65866.7852260915,137716652.025126
300,N09000004,Causeway Coast and Glens,PM2.5 annual mean stage2 Limit Value 2024,5,μg m⁻³,Compliant,Limit Value: 20 μg m⁻³,381026.183879142,1985534670.71754
301,N09000005,Derry City and Strabane,PM2.5 annual mean stage2 Limit Value 2024,8,μg m⁻³,Compliant,Limit Value: 20 μg m⁻³,271396.680664788,1251241583.00784
302,N09000006,Fermanagh and Omagh,PM2.5 annual mean stage2 Limit Value 2024,5,μg m⁻³,Compliant,Limit Value: 20 μg m⁻³,426437.771573501,3012114892.36428
303,N09000007,Lisburn and Castlereagh,PM2.5 annual mean stage2 Limit Value 2024,7,μg m⁻³,Compliant,Limit Value: 20 μg m⁻³,167278.148593367,510438048.320764
304,N09000008,Mid and East Antrim,PM2.5 annual mean stage2 Limit Value 2024,6,μg m⁻³,Compliant,Limit Value: 20 μg m⁻³,234604.730290035,1061355460.93469
305,N09000009,Mid Ulster,PM2.5 annual mean stage2 Limit Value 2024,6,μg m⁻³,Compliant,Limit Value: 20 μg m⁻³,318306.174447412,1957293776.36256
306,N09000010,Newry Mourne and Down,PM2.5 annual mean stage2 Limit Value 2024,6,μg m⁻³,Compliant,Limit Value: 20 μg m⁻³,379481.085042419,1682340596.71443
307,N09000011,Ards and North Down,PM2.5 annual mean stage2 Limit Value 2024,6,μg m⁻³,Compliant,Limit Value: 20 μg m⁻³,203348.873507996,566472991.397377
308,S12000005,Clackmannanshire,PM2.5 annual mean stage2 Limit Value 2024,6,μg m⁻³,Compliant,Limit Value: 20 μg m⁻³,96931.9911599767,159184322.48789
309,S12000006,Dumfries and Galloway,PM2.5 annual mean stage2 Limit Value 2024,5,μg m⁻³,Compliant,Limit Value: 20 μg m⁻³,1207363.77785777,6436568572.29597
310,S12000008,East Ayrshire,PM2.5 annual mean stage2 Limit Value 2024,6,μg m⁻³,Compliant,Limit Value: 20 μg m⁻³,341224.073767081,1270345620.88156
311,S12000010,East Lothian,PM2.5 annual mean stage2 Limit Value 2024,6,μg m⁻³,Compliant,Limit Value: 20 μg m⁻³,202129.674165206,679241516.016616
312,S12000011,East Renfrewshire,PM2.5 annual mean stage2 Limit Value 2024,6,μg m⁻³,Compliant,Limit Value: 20 μg m⁻³,94003.0486474222,174247286.120352
313,S12000013,Na h-Eileanan Siar,PM2.5 annual mean stage2 Limit Value 2024,4,μg m⁻³,Compliant,Limit Value: 20 μg m⁻³,3871336.22003593,3096633008.33269
314,S12000014,Falkirk,PM2.5 annual mean stage2 Limit Value 2024,7,μg m⁻³,Compliant,Limit Value: 20 μg m⁻³,169091.122500577,297137055.79102
315,S12000017,Highland,PM2.5 annual mean stage2 Limit Value 2024,6,μg m⁻³,Compliant,Limit Value: 20 μg m⁻³,5229053.67799744,26158786458.7412
316,S12000018,Inverclyde,PM2.5 annual mean stage2 Limit Value 2024,6,μg m⁻³,Compliant,Limit Value: 20 μg m⁻³,79271.0756449878,161945309.354426
317,S12000019,Midlothian,PM2.5 annual mean stage2 Limit Value 2024,6,μg m⁻³,Compliant,Limit Value: 20 μg m⁻³,126469.474609312,355272038.180902
318,S12000020,Moray,PM2.5 annual mean stage2 Limit Value 2024,5,μg m⁻³,Compliant,Limit Value: 20 μg m⁻³,463493.668579334,2237558356.05103
319,S12000021,North Ayrshire,PM2.5 annual mean stage2 Limit Value 2024,6,μg m⁻³,Compliant,Limit Value: 20 μg m⁻³,350253.935839602,885290889.869653
320,S12000023,Orkney Islands,PM2.5 annual mean stage2 Limit Value 2024,5,μg m⁻³,Compliant,Limit Value: 20 μg m⁻³,1203146.05457709,1015040230.98373
321,S12000026,Scottish Borders,PM2.5 annual mean stage2 Limit Value 2024,5,μg m⁻³,Compliant,Limit Value: 20 μg m⁻³,514452.299885091,4739163990.87972
322,S12000027,Shetland Islands,PM2.5 annual mean stage2 Limit Value 2024,4,μg m⁻³,Compliant,Limit Value: 20 μg m⁻³,2322256.17991452,1468518260.50498
323,S12000028,South Ayrshire,PM2.5 annual mean stage2 Limit Value 2024,5,μg m⁻³,Compliant,Limit Value: 20 μg m⁻³,334995.942076835,1224366215.39717
324,S12000029,South Lanarkshire,PM2.5 annual mean stage2 Limit Value 2024,9,μg m⁻³,Compliant,Limit Value: 20 μg m⁻³,284741.553518531,1773890823.76422
325,S12000030,Stirling,PM2.5 annual mean stage2 Limit Value 2024,7,μg m⁻³,Compliant,Limit Value: 20 μg m⁻³,375011.085596392,2252536848.68318
326,S12000033,Aberdeen City,PM2.5 annual mean stage2 Limit Value 2024,6,μg m⁻³,Compliant,Limit Value: 20 μg m⁻³,123490.87017706,185571326.214882
327,S12000034,Aberdeenshire,PM2.5 annual mean stage2 Limit Value 2024,5,μg m⁻³,Compliant,Limit Value: 20 μg m⁻³,795134.880544088,6318007414.02744
328,S12000035,Argyll and Bute,PM2.5 annual mean stage2 Limit Value 2024,5,μg m⁻³,Compliant,Limit Value: 20 μg m⁻³,3796860.14408115,7005888033.46218
329,S12000036,City of Edinburgh,PM2.5 annual mean stage2 Limit Value 2024,8,μg m⁻³,Compliant,Limit Value: 20 μg m⁻³,110580.244303955,263394271.67746
330,S12000038,Renfrewshire,PM2.5 annual mean stage2 Limit Value 2024,7,μg m⁻³,Compliant,Limit Value: 20 μg m⁻³,131829.040617059,261489124.347301
331,S12000039,West Dunbartonshire,PM2.5 annual mean stage2 Limit Value 2024,6,μg m⁻³,Compliant,Limit Value: 20 μg m⁻³,103775.552702049,177311974.074365
332,S12000040,West Lothian,PM2.5 annual mean stage2 Limit Value 2024,6,μg m⁻³,Compliant,Limit Value: 20 μg m⁻³,135251.690115521,428768187.933134
333,S12000041,Angus,PM2.5 annual mean stage2 Limit Value 2024,5,μg m⁻³,Compliant,Limit Value: 20 μg m⁻³,328953.592341761,2184981647.04456
334,S12000042,Dundee City,PM2.5 annual mean stage2 Limit Value 2024,6,μg m⁻³,Compliant,Limit Value: 20 μg m⁻³,47831.2210168387,59800691.0859495
335,S12000045,East Dunbartonshire,PM2.5 annual mean stage2 Limit Value 2024,6,μg m⁻³,Compliant,Limit Value: 20 μg m⁻³,99575.7929650633,174489374.057814
336,S12000047,Fife,PM2.5 annual mean stage2 Limit Value 2024,6,μg m⁻³,Compliant,Limit Value: 20 μg m⁻³,358351.493108311,1325189947.30082
337,S12000048,Perth and Kinross,PM2.5 annual mean stage2 Limit Value 2024,5,μg m⁻³,Compliant,Limit Value: 20 μg m⁻³,633264.491082179,5383771400.9797
338,S12000049,Glasgow City,PM2.5 annual mean stage2 Limit Value 2024,7,μg m⁻³,Compliant,Limit Value: 20 μg m⁻³,135600.470042626,174622926.292225
339,S12000050,North Lanarkshire,PM2.5 annual mean stage2 Limit Value 2024,9,μg m⁻³,Compliant,Limit Value: 20 μg m⁻³,164151.119941235,472299789.41185
340,W06000001,Isle of Anglesey,PM2.5 annual mean stage2 Limit Value 2024,5,μg m⁻³,Compliant,Limit Value: 20 μg m⁻³,379780.343582455,715237382.424629
341,W06000002,Gwynedd,PM2.5 annual mean stage2 Limit Value 2024,6,μg m⁻³,Compliant,Limit Value: 20 μg m⁻³,643076.177146806,2548292376.58141
342,W06000003,Conwy,PM2.5 annual mean stage2 Limit Value 2024,7,μg m⁻³,Compliant,Limit Value: 20 μg m⁻³,283248.665398949,1130179811.48407
343,W06000004,Denbighshire,PM2.5 annual mean stage2 Limit Value 2024,6,μg m⁻³,Compliant,Limit Value: 20 μg m⁻³,228749.162384676,838714916.663179
344,W06000005,Flintshire,PM2.5 annual mean stage2 Limit Value 2024,9,μg m⁻³,Compliant,Limit Value: 20 μg m⁻³,239002.484104469,439830828.409091
345,W06000006,Wrexham,PM2.5 annual mean stage2 Limit Value 2024,8,μg m⁻³,Compliant,Limit Value: 20 μg m⁻³,190042.949257981,503772286.125862
346,W06000008,Ceredigion,PM2.5 annual mean stage2 Limit Value 2024,5,μg m⁻³,Compliant,Limit Value: 20 μg m⁻³,382356.850577298,1788372469.95006
347,W06000009,Pembrokeshire,PM2.5 annual mean stage2 Limit Value 2024,6,μg m⁻³,Compliant,Limit Value: 20 μg m⁻³,743200.595347301,1618343922.36577
348,W06000010,Carmarthenshire,PM2.5 annual mean stage2 Limit Value 2024,6,μg m⁻³,Compliant,Limit Value: 20 μg m⁻³,592239.649042349,2371120628.49817
349,W06000011,Swansea,PM2.5 annual mean stage2 Limit Value 2024,7,μg m⁻³,Compliant,Limit Value: 20 μg m⁻³,270967.723217414,377612661.977077
350,W06000012,Neath Port Talbot,PM2.5 annual mean stage2 Limit Value 2024,8,μg m⁻³,Compliant,Limit Value: 20 μg m⁻³,182165.141642821,442274010.856995
351,W06000013,Bridgend,PM2.5 annual mean stage2 Limit Value 2024,6,μg m⁻³,Compliant,Limit Value: 20 μg m⁻³,93192.1879407777,250785304.637867
352,W06000014,Vale of Glamorgan,PM2.5 annual mean stage2 Limit Value 2024,7,μg m⁻³,Compliant,Limit Value: 20 μg m⁻³,108403.082230967,331261394.377447
353,W06000015,Cardiff,PM2.5 annual mean stage2 Limit Value 2024,9,μg m⁻³,Compliant,Limit Value: 20 μg m⁻³,79590.0231604884,142303983.232055
354,W06000016,Rhondda Cynon Taf,PM2.5 annual mean stage2 Limit Value 2024,8,μg m⁻³,Compliant,Limit Value: 20 μg m⁻³,130212.628773313,424152347.687413
355,W06000018,Caerphilly,PM2.5 annual mean stage2 Limit Value 2024,7,μg m⁻³,Compliant,Limit Value: 20 μg m⁻³,116205.447868668,277387820.890176
356,W06000019,Blaenau Gwent,PM2.5 annual mean stage2 Limit Value 2024,6,μg m⁻³,Compliant,Limit Value: 20 μg m⁻³,65601.5261076361,108728049.851194
357,W06000020,Torfaen,PM2.5 annual mean stage2 Limit Value 2024,8,μg m⁻³,Compliant,Limit Value: 20 μg m⁻³,82553.9455220073,126240979.371066
358,W06000021,Monmouthshire,PM2.5 annual mean stage2 Limit Value 2024,7,μg m⁻³,Compliant,Limit Value: 20 μg m⁻³,224920.221769015,850312903.529445
359,W06000022,Newport,PM2.5 annual mean stage2 Limit Value 2024,8,μg m⁻³,Compliant,Limit Value: 20 μg m⁻³,153217.602553675,190436482.032852
360,W06000023,Powys,PM2.5 annual mean stage2 Limit Value 2024,5,μg m⁻³,Compliant,Limit Value: 20 μg m⁻³,610999.911217969,5195310557.61553
361,W06000024,Merthyr Tydfil,PM2.5 annual mean stage2 Limit Value 2024,6,μg m⁻³,Compliant,Limit Value: 20 μg m⁻³,66950.8795685742,111956276.903287
